classKey,driverName,funcName
-10.161222646475629,mpmath_cospi_arg1_DRIVER0,cospi
-10.161222646475629,mpmath_fp_cospi_arg1_DRIVER0,cospi
-10.161222646475629,gsl_sf_cos_pi_DRIVER,gsl_sf_cos_pi
-107.7504726069493,mpmath_legenp_arg3_DRIVER0,legenp
-107.7504726069493,mpmath_fp_legenp_arg3_DRIVER0,legenp
-124.17055429635073,mpmath_qp_arg3_DRIVER0,qp
-124.17055429635073,mpmath_fp_qp_arg3_DRIVER0,qp
-140.48560256218593,mpmath_zeta_arg1_DRIVER0,zeta
-140.48560256218593,mpmath_fp_zeta_arg1_DRIVER0,zeta
-140.48560256218593,gsl_sf_zeta_DRIVER,gsl_sf_zeta
-15.710245912825929,mpmath_ber_arg2_DRIVER0,ber
-15.710245912825929,mpmath_fp_ber_arg2_DRIVER0,ber
-17.30919944809332,mpmath_digamma_arg1_DRIVER0,digamma
-17.30919944809332,mpmath_fp_digamma_arg1_DRIVER0,digamma
-17.30919944809332,scipy_special_psi_arg1_DRIVER0,psi
-17.30919944809332,scipy_special_digamma_arg1_DRIVER0,digamma
-17.30919944809332,gsl_sf_psi_DRIVER,gsl_sf_psi
-180.48560256218596,scipy_special_zetac_arg1_DRIVER0,zetac
-180.48560256218596,gsl_sf_zetam1_DRIVER,gsl_sf_zetam1
-1815.2967657753702,scipy_special_spherical_yn_arg2_DRIVER1,spherical_yn
-1815.2967657753702,gsl_sf_bessel_yl_DRIVER,gsl_sf_bessel_yl
-19.529519116772317,mpmath_ker_arg2_DRIVER0,ker
-19.529519116772317,mpmath_fp_ker_arg2_DRIVER0,ker
-24.060637452136312,scipy_special_y1_arg1_DRIVER0,y1
-24.060637452136312,gsl_sf_bessel_Y1_DRIVER,gsl_sf_bessel_Y1
-26.499148464912228,mpmath_kei_arg2_DRIVER0,kei
-26.499148464912228,mpmath_fp_kei_arg2_DRIVER0,kei
-29.46150884659801,mpmath_siegelz_arg1_DRIVER0,siegelz
-29.46150884659801,mpmath_fp_siegelz_arg1_DRIVER0,siegelz
-330.8741688454595,mpmath_bessely_arg2_DRIVER1,bessely
-330.8741688454595,scipy_special_yn_arg2_DRIVER1,yn
-330.8741688454595,scipy_special_yv_arg2_DRIVER1,yv
-330.8741688454595,scipy_special_yve_arg2_DRIVER1,yve
-330.8741688454595,gsl_sf_bessel_Yn_DRIVER,gsl_sf_bessel_Yn
-330.8741688454595,jmat_bessely_DRIVER1,bessely
-4.966164626455616,gsl_sf_airy_Ai_deriv_DRIVER,gsl_sf_airy_Ai_deriv
-4.966164626455616,jmat_airy_deriv_DRIVER0,airy_deriv
-44.84697110726536,mpmath_bessely_arg2_DRIVER0,bessely
-44.84697110726536,mpmath_fp_bessely_arg2_DRIVER0,bessely
-44.84697110726536,scipy_special_yv_arg2_DRIVER0,yv
-44.84697110726536,scipy_special_yve_arg2_DRIVER0,yve
-44.84697110726536,gsl_sf_bessel_Ynu_DRIVER,gsl_sf_bessel_Ynu
-44.84697110726536,jmat_bessely_DRIVER0,bessely
-66.17880111153048,scipy_special_betaln_arg2_DRIVER0,betaln
-66.17880111153048,gsl_sf_lnbeta_DRIVER,gsl_sf_lnbeta
-9.101656328086168,mpmath_jtheta_arg4_DRIVER1,jtheta
-9.101656328086168,mpmath_fp_jtheta_arg4_DRIVER1,jtheta
0.02101613441006167,scipy_special_erfcinv_arg1_DRIVER0,erfcinv
0.02101613441006167,jmat_erfc_inv_DRIVER0,erfc_inv
1.3652729427578398,mpmath_li_arg1_DRIVER0,li
1.3652729427578398,mpmath_fp_li_arg1_DRIVER0,li
1.6549096959505372,mpmath_cot_arg1_DRIVER0,cot
1.6549096959505372,mpmath_fp_cot_arg1_DRIVER0,cot
10.021389707370934,mpmath_loggamma_arg1_DRIVER0,loggamma
10.021389707370934,mpmath_fp_loggamma_arg1_DRIVER0,loggamma
10.021389707370934,scipy_special_gammaln_arg1_DRIVER0,gammaln
10.021389707370934,scipy_special_loggamma_arg1_DRIVER0,loggamma
10.021389707370934,gsl_sf_lngamma_DRIVER,gsl_sf_lngamma
10.021389707370934,jmat_loggamma_DRIVER0,loggamma
10.25571032553408,mpmath_acsc_arg1_DRIVER0,acsc
10.25571032553408,mpmath_fp_acsc_arg1_DRIVER0,acsc
103.35258217042065,mpmath_besseli_arg2_DRIVER0,besseli
103.35258217042065,mpmath_fp_besseli_arg2_DRIVER0,besseli
103.35258217042065,scipy_special_iv_arg2_DRIVER0,iv
103.35258217042065,gsl_sf_bessel_Inu_DRIVER,gsl_sf_bessel_Inu
103.35258217042065,jmat_besseli_DRIVER0,besseli
105.00416012207393,mpmath_hyperu_arg3_DRIVER2,hyperu
105.00416012207393,scipy_special_hyperu_arg3_DRIVER2,hyperu
105.00416012207393,gsl_sf_hyperg_U_int_DRIVER,gsl_sf_hyperg_U_int
106.60504771470181,mpmath_elliprf_arg3_DRIVER0,elliprf
106.60504771470181,mpmath_fp_elliprf_arg3_DRIVER0,elliprf
106.60504771470181,gsl_sf_ellint_RF_DRIVER,gsl_sf_ellint_RF
1131163.975542088,mpmath_hyp2f3_arg6_DRIVER0,hyp2f3
1131163.975542088,mpmath_fp_hyp2f3_arg6_DRIVER0,hyp2f3
11401.328975034074,mpmath_gegenbauer_arg3_DRIVER1,gegenbauer
11401.328975034074,mpmath_fp_gegenbauer_arg3_DRIVER1,gegenbauer
11401.328975034074,scipy_special_eval_gegenbauer_arg3_DRIVER1,eval_gegenbauer
11401.328975034074,gsl_sf_gegenpoly_n_DRIVER,gsl_sf_gegenpoly_n
11555.788441664674,mpmath_hyp2f1_arg4_DRIVER0,hyp2f1
11555.788441664674,mpmath_fp_hyp2f1_arg4_DRIVER0,hyp2f1
11555.788441664674,scipy_special_hyp2f1_arg4_DRIVER0,hyp2f1
11555.788441664674,gsl_sf_hyperg_2F1_DRIVER,gsl_sf_hyperg_2F1
116.12690028087891,mpmath_norm_arg2_DRIVER0,norm
116.12690028087891,mpmath_nstr_arg2_DRIVER0,nstr
116.12690028087891,mpmath_fp_norm_arg2_DRIVER0,norm
116.85398183700164,mpmath_elliprd_arg3_DRIVER0,elliprd
116.85398183700164,mpmath_fp_elliprd_arg3_DRIVER0,elliprd
116.85398183700164,gsl_sf_ellint_RD_DRIVER,gsl_sf_ellint_RD
117.02139086270306,mpmath_sinh_arg1_DRIVER0,sinh
117.02139086270306,mpmath_fp_sinh_arg1_DRIVER0,sinh
117.02139086270306,jmat_sinh_DRIVER0,sinh
12.156463118568205,mpmath_frac_arg1_DRIVER0,frac
12.156463118568205,jmat_frac_DRIVER0,frac
12.392414011071057,scipy_special_ive_arg2_DRIVER0,ive
12.392414011071057,gsl_sf_bessel_Inu_scaled_DRIVER,gsl_sf_bessel_Inu_scaled
12.954920998833142,scipy_special_ndtri_arg1_DRIVER0,ndtri
12.954920998833142,jmat_qf_standardnormal_DRIVER0,qf_standardnormal
1239.5174933541539,mpmath_jacobi_arg4_DRIVER0,jacobi
1239.5174933541539,mpmath_fp_jacobi_arg4_DRIVER0,jacobi
128.75387963410364,mpmath_agm_arg2_DRIVER0,agm
128.75387963410364,scipy_special_agm_arg2_DRIVER0,agm
128.75387963410364,jmat_agm_DRIVER0,agm
129.69343464259293,mpmath_cosh_arg1_DRIVER0,cosh
129.69343464259293,mpmath_fp_cosh_arg1_DRIVER0,cosh
129.69343464259293,jmat_cosh_DRIVER0,cosh
132.0772977657325,mpmath_airybi_arg1_DRIVER0,airybi
132.0772977657325,mpmath_fp_airybi_arg1_DRIVER0,airybi
132.0772977657325,gsl_sf_airy_Bi_DRIVER,gsl_sf_airy_Bi
132.0772977657325,jmat_bairy_DRIVER0,bairy
135.31944767789724,mpmath_ff_arg2_DRIVER0,ff
135.31944767789724,mpmath_fp_ff_arg2_DRIVER0,ff
135.31944767789724,jmat_permutation_DRIVER0,permutation
135.42803647140357,mpmath_cyclotomic_arg2_DRIVER0,cyclotomic
135.42803647140357,mpmath_fp_cyclotomic_arg2_DRIVER0,cyclotomic
14.226862561107968,scipy_special_ive_arg2_DRIVER1,ive
14.226862561107968,gsl_sf_bessel_In_scaled_DRIVER,gsl_sf_bessel_In_scaled
14.4922386179003,scipy_special_betainc_arg3_DRIVER0,betainc
14.4922386179003,scipy_special_btdtr_arg3_DRIVER0,btdtr
14.4922386179003,gsl_sf_beta_inc_DRIVER,gsl_sf_beta_inc
141.7176363435565,mpmath_ei_arg1_DRIVER0,ei
141.7176363435565,mpmath_fp_ei_arg1_DRIVER0,ei
141.7176363435565,scipy_special_expi_arg1_DRIVER0,expi
141.7176363435565,gsl_sf_expint_Ei_DRIVER,gsl_sf_expint_Ei
144.35441811959532,mpmath_elliprg_arg3_DRIVER0,elliprg
144.35441811959532,mpmath_fp_elliprg_arg3_DRIVER0,elliprg
148.65785911931076,scipy_special_kve_arg2_DRIVER0,kve
148.65785911931076,gsl_sf_bessel_Knu_scaled_DRIVER,gsl_sf_bessel_Knu_scaled
15.111133672476374,mpmath_acos_arg1_DRIVER0,acos
15.111133672476374,mpmath_fp_acos_arg1_DRIVER0,acos
15.111133672476374,jmat_acos_DRIVER0,acos
15.474737368165941,scipy_special_dawsn_arg1_DRIVER0,dawsn
15.474737368165941,gsl_sf_dawson_DRIVER,gsl_sf_dawson
152.7872911490985,mpmath_eulerpoly_arg2_DRIVER0,eulerpoly
152.7872911490985,mpmath_fp_eulerpoly_arg2_DRIVER0,eulerpoly
156.7872911490985,mpmath_bernpoly_arg2_DRIVER0,bernpoly
156.7872911490985,mpmath_fp_bernpoly_arg2_DRIVER0,bernpoly
16.30479286342156,mpmath_asin_arg1_DRIVER0,asin
16.30479286342156,mpmath_fp_asin_arg1_DRIVER0,asin
16.30479286342156,jmat_asin_DRIVER0,asin
16.31960355304582,scipy_special_k0_arg1_DRIVER0,k0
16.31960355304582,gsl_sf_bessel_K0_DRIVER,gsl_sf_bessel_K0
16.502813316129384,mpmath_erfinv_arg1_DRIVER0,erfinv
16.502813316129384,mpmath_fp_erfinv_arg1_DRIVER0,erfinv
16.502813316129384,scipy_special_erfinv_arg1_DRIVER0,erfinv
16.502813316129384,jmat_erf_inv_DRIVER0,erf_inv
16.54913432025295,mpmath_j1_arg1_DRIVER0,j1
16.54913432025295,mpmath_fp_j1_arg1_DRIVER0,j1
16.54913432025295,scipy_special_j1_arg1_DRIVER0,j1
16.54913432025295,gsl_sf_bessel_J1_DRIVER,gsl_sf_bessel_J1
161.90264917235865,mpmath_elliprj_arg4_DRIVER0,elliprj
161.90264917235865,gsl_sf_ellint_RJ_DRIVER,gsl_sf_ellint_RJ
17.391239421581275,scipy_special_i0e_arg1_DRIVER0,i0e
17.391239421581275,gsl_sf_bessel_I0_scaled_DRIVER,gsl_sf_bessel_I0_scaled
17.80047741915644,mpmath_sinpi_arg1_DRIVER0,sinpi
17.80047741915644,mpmath_fp_sinpi_arg1_DRIVER0,sinpi
17.80047741915644,gsl_sf_sin_pi_DRIVER,gsl_sf_sin_pi
175.92258026040383,gsl_sf_airy_Bi_deriv_DRIVER,gsl_sf_airy_Bi_deriv
175.92258026040383,jmat_bairy_deriv_DRIVER0,bairy_deriv
18.05969544710101,gsl_sf_hermite_func_DRIVER,gsl_sf_hermite_func
18.05969544710101,gsl_sf_hermite_func_fast_DRIVER,gsl_sf_hermite_func_fast
18.527198383926635,mpmath_expint_arg2_DRIVER1,expint
18.527198383926635,scipy_special_expn_arg2_DRIVER1,expn
18.527198383926635,gsl_sf_expint_En_DRIVER,gsl_sf_expint_En
18.700784064964118,mpmath_tan_arg1_DRIVER0,tan
18.700784064964118,mpmath_fp_tan_arg1_DRIVER0,tan
18.700784064964118,jmat_tan_DRIVER0,tan
19.955873904775213,mpmath_j0_arg1_DRIVER0,j0
19.955873904775213,mpmath_fp_j0_arg1_DRIVER0,j0
19.955873904775213,scipy_special_j0_arg1_DRIVER0,j0
19.955873904775213,gsl_sf_bessel_J0_DRIVER,gsl_sf_bessel_J0
197.81268071668734,mpmath_hypot_arg2_DRIVER0,hypot
197.81268071668734,gsl_sf_hypot_DRIVER,gsl_sf_hypot
20.61397350345797,mpmath_atanh_arg1_DRIVER0,atanh
20.61397350345797,jmat_atanh_DRIVER0,atanh
20.802342731110553,mpmath_sech_arg1_DRIVER0,sech
20.802342731110553,mpmath_fp_sech_arg1_DRIVER0,sech
200.0,mpmath_betainc_arg5_DRIVER4,betainc
200.0,mpmath_fp_betainc_arg5_DRIVER4,betainc
2005.2813374916268,mpmath_chebyu_arg2_DRIVER0,chebyu
2005.2813374916268,mpmath_fp_chebyu_arg2_DRIVER0,chebyu
206.71482550529595,mpmath_expm1_arg1_DRIVER0,expm1
206.71482550529595,mpmath_fp_expm1_arg1_DRIVER0,expm1
206.71482550529595,scipy_special_expm1_arg1_DRIVER0,expm1
206.71482550529595,gsl_sf_expm1_DRIVER,gsl_sf_expm1
21.08679732129974,mpmath_sec_arg1_DRIVER0,sec
21.08679732129974,mpmath_fp_sec_arg1_DRIVER0,sec
21.160216210363853,mpmath_asec_arg1_DRIVER0,asec
21.160216210363853,mpmath_fp_asec_arg1_DRIVER0,asec
214.84497503828678,mpmath_hyp1f1_arg3_DRIVER2,hyp1f1
214.84497503828678,mpmath_fp_hyp1f1_arg3_DRIVER2,hyp1f1
214.84497503828678,scipy_special_hyp1f1_arg3_DRIVER2,hyp1f1
214.84497503828678,gsl_sf_hyperg_1F1_int_DRIVER,gsl_sf_hyperg_1F1_int
214.84497503828678,jmat_hypergeometric1F1_DRIVER2,hypergeometric1F1
22.427116411821455,scipy_special_spherical_jn_arg2_DRIVER1,spherical_jn
22.427116411821455,gsl_sf_bessel_jl_DRIVER,gsl_sf_bessel_jl
23.96548133834835,mpmath_bei_arg2_DRIVER0,bei
23.96548133834835,mpmath_fp_bei_arg2_DRIVER0,bei
24.44048792293956,mpmath_besselj_arg2_DRIVER1,besselj
24.44048792293956,mpmath_fp_besselj_arg2_DRIVER1,besselj
24.44048792293956,scipy_special_jn_arg2_DRIVER1,jn
24.44048792293956,scipy_special_jv_arg2_DRIVER1,jv
24.44048792293956,scipy_special_jve_arg2_DRIVER1,jve
24.44048792293956,gsl_sf_bessel_Jn_DRIVER,gsl_sf_bessel_Jn
24.44048792293956,jmat_angerj_DRIVER1,angerj
24.639028399037784,mpmath_ellipe_arg1_DRIVER0,ellipe
24.639028399037784,scipy_special_ellipe_arg1_DRIVER0,ellipe
246.71482550529595,mpmath_exp_arg1_DRIVER0,exp
246.71482550529595,mpmath_fp_exp_arg1_DRIVER0,exp
246.71482550529595,gsl_sf_exp_DRIVER,gsl_sf_exp
25.651164447709647,mpmath_sinc_arg1_DRIVER0,sinc
25.651164447709647,mpmath_fp_sinc_arg1_DRIVER0,sinc
25.651164447709647,gsl_sf_bessel_j0_DRIVER,gsl_sf_bessel_j0
25.651164447709647,jmat_sinc_DRIVER0,sinc
2525.7600811091165,gsl_sf_hermite_deriv_DRIVER,gsl_sf_hermite_deriv
2525.7600811091165,gsl_sf_hermite_phys_der_DRIVER,gsl_sf_hermite_phys_der
255.29285520557255,mpmath_besseljzero_arg2_DRIVER1,besseljzero
255.29285520557255,mpmath_fp_besseljzero_arg2_DRIVER1,besseljzero
255.29285520557255,gsl_sf_bessel_zero_Jnu_DRIVER,gsl_sf_bessel_zero_Jnu
26.235596191343813,mpmath_besselj_arg2_DRIVER0,besselj
26.235596191343813,mpmath_fp_besselj_arg2_DRIVER0,besselj
26.235596191343813,scipy_special_jn_arg2_DRIVER0,jn
26.235596191343813,scipy_special_jv_arg2_DRIVER0,jv
26.235596191343813,scipy_special_jve_arg2_DRIVER0,jve
26.235596191343813,gsl_sf_bessel_Jnu_DRIVER,gsl_sf_bessel_Jnu
26.235596191343813,jmat_besselj_DRIVER0,besselj
26.49285730153445,mpmath_sin_arg1_DRIVER0,sin
26.49285730153445,mpmath_fp_sin_arg1_DRIVER0,sin
26.49285730153445,gsl_sf_sin_DRIVER,gsl_sf_sin
26.49285730153445,jmat_sin_DRIVER0,sin
26.563233374353654,scipy_special_k1_arg1_DRIVER0,k1
26.563233374353654,gsl_sf_bessel_K1_DRIVER,gsl_sf_bessel_K1
26.565166285200075,mpmath_lambertw_arg1_DRIVER0,lambertw
26.565166285200075,mpmath_fp_lambertw_arg1_DRIVER0,lambertw
26.565166285200075,gsl_sf_lambert_W0_DRIVER,gsl_sf_lambert_W0
266.1462937016295,mpmath_fadd_arg2_DRIVER0,fadd
266.1462937016295,mpmath_fp_fadd_arg2_DRIVER0,fadd
267.42773022920846,mpmath_whitm_arg3_DRIVER0,whitm
267.42773022920846,mpmath_fp_whitm_arg3_DRIVER0,whitm
27.60927238271261,mpmath_acosh_arg1_DRIVER0,acosh
27.60927238271261,jmat_acosh_DRIVER0,acosh
27.672243370095288,scipy_special_gammaincc_arg2_DRIVER0,gammaincc
27.672243370095288,gsl_sf_gamma_inc_Q_DRIVER,gsl_sf_gamma_inc_Q
27.672243370095288,jmat_gamma_q_DRIVER0,gamma_q
277.9439994014186,mpmath_hyperu_arg3_DRIVER0,hyperu
277.9439994014186,mpmath_fp_hyperu_arg3_DRIVER0,hyperu
277.9439994014186,scipy_special_hyperu_arg3_DRIVER0,hyperu
277.9439994014186,gsl_sf_hyperg_U_DRIVER,gsl_sf_hyperg_U
28.36401963201973,mpmath_acot_arg1_DRIVER0,acot
28.36401963201973,mpmath_fp_acot_arg1_DRIVER0,acot
280.9881632788657,mpmath_powm1_arg2_DRIVER0,powm1
280.9881632788657,mpmath_fp_powm1_arg2_DRIVER0,powm1
29.525138299109987,mpmath_altzeta_arg1_DRIVER0,altzeta
29.525138299109987,mpmath_fp_altzeta_arg1_DRIVER0,altzeta
29.525138299109987,gsl_sf_eta_DRIVER,gsl_sf_eta
29.525138299109987,jmat_eta_DRIVER0,eta
29.566553530894094,mpmath_laguerre_arg3_DRIVER1,laguerre
29.566553530894094,mpmath_fp_laguerre_arg3_DRIVER1,laguerre
29.566553530894094,scipy_special_eval_genlaguerre_arg3_DRIVER1,eval_genlaguerre
29.566553530894094,gsl_sf_laguerre_n_DRIVER,gsl_sf_laguerre_n
3.1251696623446845,mpmath_log10_arg1_DRIVER0,log10
3.1251696623446845,mpmath_fp_log10_arg1_DRIVER0,log10
30.986635485478068,mpmath_tanh_arg1_DRIVER0,tanh
30.986635485478068,mpmath_fp_tanh_arg1_DRIVER0,tanh
30.986635485478068,jmat_tanh_DRIVER0,tanh
31.138356157736567,scipy_special_expit_arg1_DRIVER0,expit
31.138356157736567,gsl_sf_fermi_dirac_m1_DRIVER,gsl_sf_fermi_dirac_m1
32.046432210904406,mpmath_struveh_arg2_DRIVER0,struveh
32.046432210904406,mpmath_fp_struveh_arg2_DRIVER0,struveh
32.046432210904406,scipy_special_struve_arg2_DRIVER0,struve
32.046432210904406,jmat_struveh_DRIVER0,struveh
32.16187309134212,mpmath_rgamma_arg1_DRIVER0,rgamma
32.16187309134212,mpmath_fp_rgamma_arg1_DRIVER0,rgamma
32.16187309134212,scipy_special_rgamma_arg1_DRIVER0,rgamma
32.16187309134212,gsl_sf_gammainv_DRIVER,gsl_sf_gammainv
32.950420412885165,mpmath_erf_arg1_DRIVER0,erf
32.950420412885165,mpmath_fp_erf_arg1_DRIVER0,erf
32.950420412885165,scipy_special_erf_arg1_DRIVER0,erf
32.950420412885165,gsl_sf_erf_DRIVER,gsl_sf_erf
32.950420412885165,jmat_erf_DRIVER0,erf
33.47250072229806,mpmath_log1p_arg1_DRIVER0,log1p
33.47250072229806,mpmath_fp_log1p_arg1_DRIVER0,log1p
33.47250072229806,scipy_special_log1p_arg1_DRIVER0,log1p
33.47250072229806,gsl_sf_log_1plusx_DRIVER,gsl_sf_log_1plusx
33.78243817757354,mpmath_gammainc_arg2_DRIVER0,gammainc
33.78243817757354,mpmath_fp_gammainc_arg2_DRIVER0,gammainc
33.78243817757354,gsl_sf_gamma_inc_DRIVER,gsl_sf_gamma_inc
33.78243817757354,jmat_incgamma_upper_DRIVER0,incgamma_upper
34.235428482576026,mpmath_csch_arg1_DRIVER0,csch
34.235428482576026,mpmath_fp_csch_arg1_DRIVER0,csch
34.46783343977613,mpmath_atan_arg1_DRIVER0,atan
34.46783343977613,mpmath_fp_atan_arg1_DRIVER0,atan
34.46783343977613,jmat_atan_DRIVER0,atan
34.47680083292498,scipy_special_zeta_arg2_DRIVER0,zeta
34.47680083292498,gsl_sf_hzeta_DRIVER,gsl_sf_hzeta
34.54401955892892,mpmath_ncdf_arg1_DRIVER0,ncdf
34.54401955892892,mpmath_fp_ncdf_arg1_DRIVER0,ncdf
34.54401955892892,scipy_special_ndtr_arg1_DRIVER0,ndtr
34.54401955892892,jmat_cdf_standardnormal_DRIVER0,cdf_standardnormal
347.12008190247906,mpmath_besselyzero_arg2_DRIVER0,besselyzero
347.12008190247906,mpmath_fp_besselyzero_arg2_DRIVER0,besselyzero
35.45038206523479,jmat_beta_i_DRIVER0,beta_i
35.45038206523479,jmat_cdf_beta_DRIVER0,cdf_beta
35.45306942668835,mpmath_barnesg_arg1_DRIVER0,barnesg
35.45306942668835,mpmath_fp_barnesg_arg1_DRIVER0,barnesg
360.9881632788657,mpmath_power_arg2_DRIVER0,power
360.9881632788657,mpmath_fp_power_arg2_DRIVER0,power
363.5252906464351,jmat_lerchphi_DRIVER0,lerchphi
363.5252906464351,jmat_lerchphi2_DRIVER0,lerchphi2
364.0940679702318,mpmath_hyp0f1_arg2_DRIVER0,hyp0f1
364.0940679702318,mpmath_fp_hyp0f1_arg2_DRIVER0,hyp0f1
364.0940679702318,scipy_special_hyp0f1_arg2_DRIVER0,hyp0f1
364.0940679702318,gsl_sf_hyperg_0F1_DRIVER,gsl_sf_hyperg_0F1
364.0940679702318,jmat_hypergeometric0F1_DRIVER0,hypergeometric0F1
38.93309596414457,jmat_beta_i_inv_DRIVER0,beta_i_inv
38.93309596414457,jmat_qf_beta_DRIVER0,qf_beta
391.92828844796645,gsl_sf_hermite_prob_deriv_DRIVER,gsl_sf_hermite_prob_deriv
391.92828844796645,gsl_sf_hermite_prob_der_DRIVER,gsl_sf_hermite_prob_der
39650.31404030843,mpmath_whitw_arg3_DRIVER0,whitw
39650.31404030843,mpmath_fp_whitw_arg3_DRIVER0,whitw
398.50757002579496,mpmath_hyperfac_arg1_DRIVER0,hyperfac
398.50757002579496,mpmath_fp_hyperfac_arg1_DRIVER0,hyperfac
4.516600385006437,mpmath_airyai_arg1_DRIVER0,airyai
4.516600385006437,mpmath_fp_airyai_arg1_DRIVER0,airyai
4.516600385006437,gsl_sf_airy_Ai_DRIVER,gsl_sf_airy_Ai
4.516600385006437,jmat_airy_DRIVER0,airy
4.5660259727949954,scipy_special_y0_arg1_DRIVER0,y0
4.5660259727949954,gsl_sf_bessel_Y0_DRIVER,gsl_sf_bessel_Y0
4.627456201317438,mpmath_cos_arg1_DRIVER0,cos
4.627456201317438,mpmath_fp_cos_arg1_DRIVER0,cos
4.627456201317438,gsl_sf_cos_DRIVER,gsl_sf_cos
4.627456201317438,jmat_cos_DRIVER0,cos
4170.036364971203,mpmath_erfi_arg1_DRIVER0,erfi
4170.036364971203,mpmath_fp_erfi_arg1_DRIVER0,erfi
4170.036364971203,jmat_erfi_DRIVER0,erfi
42.05428012537753,mpmath_fibonacci_arg1_DRIVER0,fibonacci
42.05428012537753,mpmath_fib_arg1_DRIVER0,fib
43.0626614964135,mpmath_asinh_arg1_DRIVER0,asinh
43.0626614964135,jmat_asinh_DRIVER0,asinh
43.44087425676622,mpmath_cbrt_arg1_DRIVER0,cbrt
43.44087425676622,mpmath_fp_cbrt_arg1_DRIVER0,cbrt
43.44087425676622,scipy_special_cbrt_arg1_DRIVER0,cbrt
43.63868271287627,scipy_special_k0e_arg1_DRIVER0,k0e
43.63868271287627,gsl_sf_bessel_K0_scaled_DRIVER,gsl_sf_bessel_K0_scaled
44.26477207382107,mpmath_besselk_arg2_DRIVER0,besselk
44.26477207382107,mpmath_fp_besselk_arg2_DRIVER0,besselk
44.26477207382107,scipy_special_kv_arg2_DRIVER0,kv
44.26477207382107,gsl_sf_bessel_Knu_DRIVER,gsl_sf_bessel_Knu
44.26477207382107,jmat_besselk_DRIVER0,besselk
44.765963086500335,mpmath_ellipk_arg1_DRIVER0,ellipk
44.765963086500335,scipy_special_ellipk_arg1_DRIVER0,ellipk
46.020583851538525,mpmath_sqrt_arg1_DRIVER0,sqrt
46.020583851538525,mpmath_fp_sqrt_arg1_DRIVER0,sqrt
46.11954585396691,mpmath_si_arg1_DRIVER0,si
46.11954585396691,mpmath_fp_si_arg1_DRIVER0,si
46.11954585396691,gsl_sf_Si_DRIVER,gsl_sf_Si
46.62757102745607,mpmath_harmonic_arg1_DRIVER0,harmonic
46.62757102745607,mpmath_fp_harmonic_arg1_DRIVER0,harmonic
468.00063766750543,mpmath_besselk_arg2_DRIVER1,besselk
468.00063766750543,scipy_special_kn_arg2_DRIVER1,kn
468.00063766750543,scipy_special_kv_arg2_DRIVER1,kv
468.00063766750543,gsl_sf_bessel_Kn_DRIVER,gsl_sf_bessel_Kn
468.00063766750543,jmat_besselk_DRIVER1,besselk
48.630494505689896,mpmath_riemannr_arg1_DRIVER0,riemannr
48.630494505689896,mpmath_fp_riemannr_arg1_DRIVER0,riemannr
50.043170219594174,scipy_special_i1_arg1_DRIVER0,i1
50.043170219594174,gsl_sf_bessel_I1_DRIVER,gsl_sf_bessel_I1
52.32775662990473,scipy_special_gammainc_arg2_DRIVER0,gammainc
52.32775662990473,gsl_sf_gamma_inc_P_DRIVER,gsl_sf_gamma_inc_P
52.32775662990473,jmat_gamma_p_DRIVER0,gamma_p
53.257344283761014,mpmath_gamma_arg1_DRIVER0,gamma
53.257344283761014,mpmath_gammainc_arg1_DRIVER0,gammainc
53.257344283761014,mpmath_fp_gamma_arg1_DRIVER0,gamma
53.257344283761014,mpmath_fp_gammainc_arg1_DRIVER0,gammainc
53.257344283761014,scipy_special_gamma_arg1_DRIVER0,gamma
53.257344283761014,gsl_sf_gamma_DRIVER,gsl_sf_gamma
53.257344283761014,jmat_gamma_DRIVER0,gamma
5305.106769904316,mpmath_appellf1_arg6_DRIVER1,appellf1
5305.106769904316,mpmath_fp_appellf1_arg6_DRIVER1,appellf1
54.035918575955826,mpmath_fmod_arg2_DRIVER0,fmod
54.035918575955826,mpmath_fp_fmod_arg2_DRIVER0,fmod
54.035918575955826,jmat_mod_DRIVER0,mod
555.5393254740175,mpmath_psi_arg2_DRIVER1,psi
555.5393254740175,mpmath_fp_psi_arg2_DRIVER1,psi
555.5393254740175,scipy_special_polygamma_arg2_DRIVER1,polygamma
555.5393254740175,gsl_sf_psi_n_DRIVER,gsl_sf_psi_n
56.51214079804917,mpmath_coth_arg1_DRIVER0,coth
56.51214079804917,mpmath_fp_coth_arg1_DRIVER0,coth
56.655049486407954,mpmath_atan2_arg2_DRIVER0,atan2
56.655049486407954,mpmath_fp_atan2_arg2_DRIVER0,atan2
56.655049486407954,jmat_atan2_DRIVER0,atan2
56.835057684911334,mpmath_npdf_arg3_DRIVER0,npdf
56.835057684911334,mpmath_fp_npdf_arg3_DRIVER0,npdf
56.835057684911334,jmat_pdf_normal_DRIVER0,pdf_normal
599.353245614846,mpmath_hyp1f1_arg3_DRIVER0,hyp1f1
599.353245614846,mpmath_fp_hyp1f1_arg3_DRIVER0,hyp1f1
599.353245614846,scipy_special_hyp1f1_arg3_DRIVER0,hyp1f1
599.353245614846,gsl_sf_hyperg_1F1_DRIVER,gsl_sf_hyperg_1F1
599.353245614846,jmat_hypergeometric1F1_DRIVER0,hypergeometric1F1
6.103347546398597,scipy_special_gammaincinv_arg2_DRIVER0,gammaincinv
6.103347546398597,jmat_gamma_p_inv_DRIVER0,gamma_p_inv
61.59762534463297,mpmath_binomial_arg2_DRIVER0,binomial
61.59762534463297,mpmath_fp_binomial_arg2_DRIVER0,binomial
61.59762534463297,jmat_binomial_DRIVER0,binomial
61.772811776243984,mpmath_fac2_arg1_DRIVER0,fac2
61.772811776243984,mpmath_fp_fac2_arg1_DRIVER0,fac2
612.8843340815239,mpmath_hyp1f2_arg4_DRIVER0,hyp1f2
612.8843340815239,mpmath_fp_hyp1f2_arg4_DRIVER0,hyp1f2
6127909.417804415,mpmath_hyp2f2_arg5_DRIVER0,hyp2f2
6127909.417804415,mpmath_fp_hyp2f2_arg5_DRIVER0,hyp2f2
65.14481764485281,scipy_special_k1e_arg1_DRIVER0,k1e
65.14481764485281,gsl_sf_bessel_K1_scaled_DRIVER,gsl_sf_bessel_K1_scaled
66.2725347628336,mpmath_chi_arg1_DRIVER0,chi
66.2725347628336,mpmath_fp_chi_arg1_DRIVER0,chi
66.2725347628336,gsl_sf_Chi_DRIVER,gsl_sf_Chi
668.2688998750318,mpmath_bell_arg2_DRIVER0,bell
668.2688998750318,mpmath_fp_bell_arg2_DRIVER0,bell
677.8876842781538,mpmath_legendre_arg2_DRIVER0,legendre
677.8876842781538,mpmath_fp_legendre_arg2_DRIVER0,legendre
677.8876842781538,scipy_special_eval_legendre_arg2_DRIVER0,eval_legendre
681.238144099318,mpmath_rf_arg2_DRIVER0,rf
681.238144099318,mpmath_fp_rf_arg2_DRIVER0,rf
681.238144099318,scipy_special_poch_arg2_DRIVER0,poch
681.238144099318,gsl_sf_poch_DRIVER,gsl_sf_poch
69.51736277393515,mpmath_csc_arg1_DRIVER0,csc
69.51736277393515,mpmath_fp_csc_arg1_DRIVER0,csc
69.70696309739827,mpmath_elliprc_arg2_DRIVER0,elliprc
69.70696309739827,gsl_sf_ellint_RC_DRIVER,gsl_sf_ellint_RC
7.049579587114838,mpmath_erfc_arg1_DRIVER0,erfc
7.049579587114838,mpmath_fp_erfc_arg1_DRIVER0,erfc
7.049579587114838,scipy_special_erfc_arg1_DRIVER0,erfc
7.049579587114838,gsl_sf_erfc_DRIVER,gsl_sf_erfc
7.049579587114838,jmat_erfc_DRIVER0,erfc
7.195969077592106,mpmath_log_arg1_DRIVER0,log
7.195969077592106,mpmath_ln_arg1_DRIVER0,ln
7.195969077592106,mpmath_fp_log_arg1_DRIVER0,log
7.195969077592106,mpmath_fp_ln_arg1_DRIVER0,ln
7.195969077592106,gsl_sf_log_DRIVER,gsl_sf_log
7.282767917717544,gsl_sf_erf_Z_DRIVER,gsl_sf_erf_Z
7.282767917717544,jmat_pdf_standardnormal_DRIVER0,pdf_standardnormal
7.57515068775141,mpmath_sincpi_arg1_DRIVER0,sincpi
7.57515068775141,mpmath_fp_sincpi_arg1_DRIVER0,sincpi
7.57515068775141,scipy_special_sinc_arg1_DRIVER0,sinc
7.57515068775141,gsl_sf_sinc_DRIVER,gsl_sf_sinc
7.690504737718159,mpmath_ci_arg1_DRIVER0,ci
7.690504737718159,mpmath_fp_ci_arg1_DRIVER0,ci
7.690504737718159,gsl_sf_Ci_DRIVER,gsl_sf_Ci
7.790490987047587,scipy_special_i1e_arg1_DRIVER0,i1e
7.790490987047587,gsl_sf_bessel_I1_scaled_DRIVER,gsl_sf_bessel_I1_scaled
7.941394419399991,mpmath_polylog_arg2_DRIVER0,polylog
7.941394419399991,mpmath_fp_polylog_arg2_DRIVER0,polylog
7.941394419399991,jmat_polylog_DRIVER0,polylog
75.44510158072292,mpmath_shi_arg1_DRIVER0,shi
75.44510158072292,mpmath_fp_shi_arg1_DRIVER0,shi
75.44510158072292,gsl_sf_Shi_DRIVER,gsl_sf_Shi
76.3057742941652,mpmath_fac_arg1_DRIVER0,fac
76.3057742941652,mpmath_factorial_arg1_DRIVER0,factorial
76.3057742941652,mpmath_fp_fac_arg1_DRIVER0,fac
76.3057742941652,mpmath_fp_factorial_arg1_DRIVER0,factorial
76.3057742941652,scipy_special_factorial_arg1_DRIVER0,factorial
76.3057742941652,jmat_factorial_DRIVER0,factorial
77.30657862253459,mpmath_struvel_arg2_DRIVER0,struvel
77.30657862253459,mpmath_fp_struvel_arg2_DRIVER0,struvel
77.30657862253459,scipy_special_modstruve_arg2_DRIVER0,modstruve
80.24917311584441,mpmath_besseli_arg2_DRIVER1,besseli
80.24917311584441,mpmath_fp_besseli_arg2_DRIVER1,besseli
80.24917311584441,scipy_special_iv_arg2_DRIVER1,iv
80.24917311584441,gsl_sf_bessel_In_DRIVER,gsl_sf_bessel_In
80.26293366167792,scipy_special_i0_arg1_DRIVER0,i0
80.26293366167792,gsl_sf_bessel_I0_DRIVER,gsl_sf_bessel_I0
81.68652921589485,mpmath_beta_arg2_DRIVER0,beta
81.68652921589485,mpmath_fp_beta_arg2_DRIVER0,beta
81.68652921589485,scipy_special_beta_arg2_DRIVER0,beta
81.68652921589485,gsl_sf_beta_DRIVER,gsl_sf_beta
81.68652921589485,jmat_beta_DRIVER0,beta
875.1996213365259,scipy_special_kve_arg2_DRIVER1,kve
875.1996213365259,gsl_sf_bessel_Kn_scaled_DRIVER,gsl_sf_bessel_Kn_scaled
9.172566817889344,mpmath_e1_arg1_DRIVER0,e1
9.172566817889344,mpmath_fp_e1_arg1_DRIVER0,e1
9.172566817889344,scipy_special_exp1_arg1_DRIVER0,exp1
9.172566817889344,gsl_sf_expint_E1_DRIVER,gsl_sf_expint_E1
9.242030109217,mpmath_primezeta_arg1_DRIVER0,primezeta
9.242030109217,mpmath_fp_primezeta_arg1_DRIVER0,primezeta
9090.657481941642,mpmath_polyexp_arg2_DRIVER0,polyexp
9090.657481941642,mpmath_fp_polyexp_arg2_DRIVER0,polyexp
94.05929989194482,mpmath_nthroot_arg2_DRIVER0,nthroot
94.05929989194482,mpmath_root_arg2_DRIVER0,root
94.57564176762097,scipy_special_betaincinv_arg3_DRIVER0,betaincinv
94.57564176762097,scipy_special_btdtri_arg3_DRIVER0,btdtri
949.0097355352221,mpmath_hermite_arg2_DRIVER1,hermite
949.0097355352221,mpmath_fp_hermite_arg2_DRIVER1,hermite
949.0097355352221,scipy_special_eval_hermite_arg2_DRIVER1,eval_hermite
949.0097355352221,gsl_sf_hermite_DRIVER,gsl_sf_hermite
949.0097355352221,gsl_sf_hermite_phys_DRIVER,gsl_sf_hermite_phys
968.5385464710168,mpmath_chebyt_arg2_DRIVER0,chebyt
968.5385464710168,mpmath_fp_chebyt_arg2_DRIVER0,chebyt
968.5385464710168,scipy_special_eval_chebyt_arg2_DRIVER0,eval_chebyt
97.43221456844644,mpmath_superfac_arg1_DRIVER0,superfac
97.43221456844644,mpmath_fp_superfac_arg1_DRIVER0,superfac
